"role","path","bytes","sha256"
"reference_article","D:\hill\Hillside urbanization induced vertical warming effect.pdf","7938660","0b14af738e2fdb2e7f2cbf7ca62ff8756887041d1e886bced45e08914c251a89"
"analysis_input","D:\hill\数据输出\01_DEM_Slope\QTP_DEM_30m.tif","10759567888","bc9f3d3552a28a7f6ddd0bf3cfd8287f2239cc7c991e3dad55b1830a48680633"
"analysis_input","D:\hill\数据输出\02_LandCover\QTP_IS_2000.tif","33444203","dfadbc81b88ae4610fdf07c0415dcdd27bd72eeea85ad261b0aec1a22318d1ba"
"analysis_input","D:\hill\数据输出\02_LandCover\QTP_IS_2020.tif","33790545","dfc80e8372356e284eab7c4c023e693ba9e49cfc62c8f12d0987351d951d7939"
"patch_input_component","D:\hill\数据输出\03_Results\patches\is_patches_2000.cpg","5","3ad3031f5503a4404af825262ee8232cc04d4ea6683d42c5dd0a2f2a27ac9824"
"patch_input_component","D:\hill\数据输出\03_Results\patches\is_patches_2000.dbf","3177729","a494f05a6858ecf3b14fe2c5c419a4b11ca96ceafc6379de5a427fee90f0c464"
"patch_input_component","D:\hill\数据输出\03_Results\patches\is_patches_2000.prj","412","dd6037ceaf9f463618b41da76dacc3a5a60795d2e31ed800d8ccd36b2cc1e03d"
"patch_input_component","D:\hill\数据输出\03_Results\patches\is_patches_2000.shp","3396160","df94fe6f250365910741445960ec40849704a98ccab232f9dc0ac0f82ca2bc98"
"patch_input_component","D:\hill\数据输出\03_Results\patches\is_patches_2000.shx","137500","acfb2bad2ffc943db6af4c1b8cdd80141bb742596be0e6d1bcd1ff24821fe6fd"
"patch_input_component","D:\hill\数据输出\03_Results\patches\is_patches_2020.cpg","5","3ad3031f5503a4404af825262ee8232cc04d4ea6683d42c5dd0a2f2a27ac9824"
"patch_input_component","D:\hill\数据输出\03_Results\patches\is_patches_2020.dbf","2711159","1032e473d554c8bbb3948c8e41e4e5a0a1ee9afa6e800b9b73573fd40faf2ea2"
"patch_input_component","D:\hill\数据输出\03_Results\patches\is_patches_2020.prj","412","dd6037ceaf9f463618b41da76dacc3a5a60795d2e31ed800d8ccd36b2cc1e03d"
"patch_input_component","D:\hill\数据输出\03_Results\patches\is_patches_2020.shp","3406208","9d06376b3a55a78f0630552845a7afee15f004d738c5177a670b3253ada3a80a"
"patch_input_component","D:\hill\数据输出\03_Results\patches\is_patches_2020.shx","117324","bc3fdf754ca333731f3b8cb8c7ed9804097d4151c91a546dee3ea8c30be66c68"
"analysis_input","D:\hill\数据输出\04_LST\LST_2000_summer_albers.tif","1052432654","0f9fe8f8ad66a5b702446b0ad6f1a509ca250f74dcd377a25bdd13328d2ec2ba"
"analysis_input","D:\hill\数据输出\04_LST\LST_2000_winter_albers.tif","1133120966","a50f64cd3323b0ee276d25af898d6bd5dd5b7c07e45837103e25179a371f8ed7"
"analysis_input","D:\hill\数据输出\04_LST\LST_2020_summer_albers.tif","1062488259","90c2e478b9f4571f3de91d158d7d8abcf41cae47e25db6b0140ccc1a3fca9eef"
"analysis_input","D:\hill\数据输出\04_LST\LST_2020_winter_albers.tif","1178386648","4e178e6d88bb78aab32eaa6c26c9efeceda71520015449ee2d88b5203b6978df"
