year,season,source_index,pid,area_km2,slope_class,slope_label,is_hillside,footprint_area_km2,footprint_elev_min_m,footprint_elev_max_m,T1_C,T1_pixels,T1_valid_weight,T1_expected_weight,T1_valid_fraction,T0_C,T0_pixels,dT_C,elev_band
2000,summer,10954,10955,0.0018,0,0-5,False,0.0107999999999997,302.4137878417969,310.9949645996094,28.209999084472653,1,0.0094960227339389,0.0094960227339389,1.0,28.207978390667428,11186,0.0020206938052247,0-500
2000,summer,8737,8738,0.0009,0,0-5,False,0.0053999999999998,512.0154418945312,528.134033203125,27.270000457763672,1,0.4600110395327279,0.4600110395327279,1.0,27.280829086549414,24196,-0.0108286287857417,500-1000
2000,summer,15090,15091,0.0009,0,0-5,False,0.0053999999999973,1131.5596923828125,1135.132080078125,25.613176345825195,1,0.4448970566249328,0.4448970566249328,1.0,25.61886589378758,8857,-0.0056895479623833,1000-1500
2000,summer,7687,7688,0.0081,0,0-5,False,0.0486000000000023,1998.7366943359373,2017.826171875,26.843044516372878,6,3.914155530452576,3.914155530452576,1.0,26.86103262974046,88096,-0.0179881133675863,1500-2000
2000,summer,401,402,0.0009,0,0-5,False,0.0053999999999994,2424.7880859375,2427.791748046875,27.76964569091797,1,0.2191090104603064,0.2191090104603064,1.0,27.771259773817132,26575,-0.0016140828991666,2000-2500
2000,summer,3186,3187,0.0009,0,0-5,False,0.005399999999999,2538.3525390625,2541.803466796875,27.57535934448242,1,0.2990437894738501,0.2990437894738501,1.0,27.570330199061445,29175,0.0050291454209734,2500-3000
2000,summer,15840,15841,0.0009,2,10-15,True,0.0053999999999999,249.2150115966797,266.1291809082031,28.75,1,0.0466467328487115,0.0466467328487115,1.0,28.777529127036043,21560,-0.0275291270360433,0-500
2000,summer,9314,9315,0.0009,2,10-15,True,0.0053999999999998,665.443359375,682.6727294921875,26.52099609375,1,0.3849135156904751,0.3849135156904751,1.0,26.52423836131715,27408,-0.003242267567149,500-1000
2000,summer,15572,15573,0.0009,2,10-15,True,0.0053999999999973,1099.9171142578125,1118.5074462890625,25.170000076293945,1,0.5095661474348826,0.5095661474348826,1.0,25.288183202487247,41985,-0.1181831261933012,1000-1500
2000,summer,8278,8279,0.0009,2,10-15,True,0.0053999999999998,1722.5963134765625,1734.7396240234375,25.545339584350582,1,0.2316954947698334,0.2316954947698334,1.0,25.54302827344379,33712,0.0023113109067942,1500-2000
2000,summer,1241,1242,0.0009,2,10-15,True,0.0053999999999994,2247.0439453125,2270.520263671875,28.620059967041016,1,0.2257392842436789,0.2257392842436789,1.0,28.31688874424584,152713,0.3031712227951786,2000-2500
2000,summer,8075,8076,0.0009,2,10-15,True,0.005399999999999,2883.700927734375,2895.629638671875,36.11483001708984,1,0.0799889604672158,0.0799889604672158,1.0,35.41383090933862,376395,0.7009991077512225,2500-3000
2000,summer,14172,14173,0.0009,3,15-20,True,0.0053999999999999,248.4657745361328,274.5757141113281,28.69000053405762,1,0.1758045052301864,0.1758045052301864,1.0,28.74302504528001,33287,-0.0530245112223894,0-500
2000,summer,7094,7095,0.0036,3,15-20,True,0.0216000000000017,805.2530517578125,833.4743041992188,25.8700008392334,2,0.9041684232497726,0.9041684232497726,1.0,25.903561986686103,51814,-0.0335611474527013,500-1000
2000,summer,7785,7786,0.0018,3,15-20,True,0.0107999999999857,1035.4534912109375,1064.5670166015625,25.3567008972168,1,0.1127411608931661,0.1127411608931661,1.0,24.98807495796792,57868,0.3686259392488757,1000-1500
2000,summer,14311,14312,0.0009,3,15-20,True,0.0053999999999999,1571.1510009765625,1589.6630859375,25.515586853027344,1,0.2257392842437157,0.2257392842437157,1.0,24.794758813187173,53702,0.7208280398401712,1500-2000
2000,summer,1252,1253,0.0009,3,15-20,True,0.0053999999999994,2265.559326171875,2293.85302734375,28.209327697753903,1,0.5247830737175253,0.5247830737175253,1.0,28.38709135493812,193959,-0.1777636571842116,2000-2500
2000,summer,7018,7019,0.0009,3,15-20,True,0.0053999999999999,2593.155029296875,2610.996826171875,27.133337020874023,1,0.1550864843095141,0.1550864843095141,1.0,27.889709640926565,188541,-0.7563726200525416,2500-3000
2000,summer,13400,13401,0.0018,4,20-30,True,0.0107999999999997,180.8799591064453,215.5849151611328,28.86000061035156,1,0.1374419772570271,0.1374419772570271,1.0,29.111459704468857,42144,-0.251459094117294,0-500
2000,summer,9044,9045,0.0009,4,20-30,True,0.0053999999999998,963.909912109375,992.6646728515624,25.62924575805664,1,0.5247830737173838,0.5247830737173838,1.0,25.23441430328785,56425,0.394831454768795,500-1000
2000,summer,6736,6737,0.0009,4,20-30,True,0.0053999999999999,1135.5736083984375,1176.117919921875,27.790363311767575,1,0.1325000000000195,0.1325000000000195,1.0,25.70897219661457,88233,2.081391115153007,1000-1500
2000,summer,2570,2571,0.0009,4,20-30,True,0.005399999999999,1883.4869384765625,1912.6226806640625,26.072084426879883,1,0.5399999999999041,0.5399999999999041,1.0,25.960032790194298,129105,0.1120516366855852,1500-2000
2000,summer,2411,2412,0.0009,4,20-30,True,0.005399999999999,2024.1734619140625,2049.779541015625,26.77214241027832,1,0.5247830737172997,0.5247830737172997,1.0,26.747384723573173,115553,0.0247576867051471,2000-2500
2000,summer,39,40,0.0018,4,20-30,True,0.0107999999999991,2630.05908203125,2688.107177734375,38.38801956176758,1,0.4401553189371185,0.4401553189371185,1.0,38.58513158394011,1771191,-0.1971120221725328,2500-3000
2000,summer,10774,10775,0.0009,5,30-plus,True,0.0053999999999998,416.4228820800781,466.5886535644531,27.64881706237793,1,0.0798860170925147,0.0798860170925147,1.0,27.66633983896272,66478,-0.0175227765847907,0-500
2000,summer,13612,13613,0.0018,5,30-plus,True,0.0107999999999997,602.2723388671875,674.3373413085938,27.108238220214844,1,0.6469089775078344,0.6469089775078344,1.0,26.700523616911312,112022,0.4077146033035319,500-1000
2000,summer,7118,7119,0.0018,5,30-plus,True,0.0107999999999924,1025.7071533203125,1082.2677001953125,23.32999992370605,1,0.3231109310456526,0.3231109310456526,1.0,24.97547754524938,115085,-1.6454776215433249,1000-1500
2000,summer,8791,8792,0.0009,5,30-plus,True,0.005399999999999,1663.2119140625,1736.4739990234375,26.135149002075195,1,0.1550864843093168,0.1550864843093168,1.0,25.46364117312836,209808,0.6715078289468366,1500-2000
2000,summer,6634,6635,0.0009,5,30-plus,True,0.0053999999999999,2402.454345703125,2440.299072265625,28.42483139038086,1,0.3723482947040216,0.3723482947040216,1.0,27.79628982389595,337601,0.628541566484909,2000-2500
2000,summer,46,47,0.0009,5,30-plus,True,0.0054000000000006,2521.395751953125,2623.072265625,28.484430313110348,1,0.1983532671513065,0.1983532671513065,1.0,27.591349101007346,1095867,0.8930812121030023,2500-3000
2000,summer,15818,15819,0.0009,1,5-10,True,0.0053999999999999,151.31101989746094,162.503662109375,26.170000076293945,1,0.1324999999999678,0.1324999999999678,1.0,26.16744157548987,13850,0.0025585008040742,0-500
2000,summer,9504,9505,0.0027,1,5-10,True,0.0162000000000002,519.4862060546875,533.64111328125,27.28180694580078,1,0.4836522615749007,0.4836522615749007,1.0,27.26600760515994,20967,0.0157993406408429,500-1000
2000,summer,14411,14412,0.0009,1,5-10,True,0.0053999999999973,1183.6688232421875,1190.3214111328125,25.88999938964844,1,0.1658045052300941,0.1658045052300941,1.0,25.84907457816827,17520,0.0409248114801705,1000-1500
2000,summer,13414,13415,0.0009,1,5-10,True,0.0053999999999998,1705.50048828125,1717.1920166015625,25.51000022888184,1,0.444897056625059,0.444897056625059,1.0,25.596204998571142,33208,-0.08620476968931,1500-2000
2000,summer,1535,1536,0.0009,1,5-10,True,0.0053999999999994,2237.531494140625,2244.55029296875,28.249032974243164,1,0.5247830737175253,0.5247830737175253,1.0,28.30734599710824,46482,-0.0583130228650752,2000-2500
2000,summer,7558,7559,0.0009,1,5-10,True,0.0054,2888.3349609375,2897.1787109375,35.22202682495117,1,0.0074889604673997,0.0074889604673997,1.0,35.429734796378874,283507,-0.2077079714277019,2500-3000
2000,winter,15413,15414,0.0018,0,0-5,False,0.0107999999999998,144.08871459960938,150.06243896484375,23.98199462890625,1,0.1448151149236831,0.1448151149236831,1.0,23.981749022601218,7864,0.0002456063050324,0-500
2000,winter,8098,8099,0.0018,0,0-5,False,0.0107999999999997,687.9644165039062,693.9822387695312,16.473682403564453,1,0.0768890689542119,0.0768890689542119,1.0,16.47445437230274,10122,-0.0007719687382881,500-1000
2000,winter,7992,7993,0.0018,0,0-5,False,0.0107999999999927,1329.2437744140625,1333.760986328125,13.914304733276367,1,0.0712201151653512,0.0712201151653512,1.0,13.899362496258968,8861,0.014942237017399,1000-1500
2000,winter,13833,13834,0.0009,0,0-5,False,0.0053999999999998,1660.1971435546875,1664.4525146484375,12.790387153625488,1,0.3723482947040282,0.3723482947040282,1.0,12.799878551300784,12334,-0.0094913976752959,1500-2000
2000,winter,5645,5646,0.0009,0,0-5,False,0.0053999999999999,2321.3623046875,2331.063720703125,8.478105545043945,1,0.1324999999999759,0.1324999999999759,1.0,8.463647291617137,72663,0.0144582534268078,2000-2500
2000,winter,3358,3359,0.0027,0,0-5,False,0.0161999999999838,2891.584228515625,2895.15625,4.754995822906494,1,0.1902899296828934,0.1902899296828934,1.0,4.762122605522683,121487,-0.0071267826161891,2500-3000
2000,winter,8493,8494,0.0027,2,10-15,True,0.0162000000000002,370.7973327636719,387.9274597167969,19.10052490234375,1,0.2302899296830027,0.2302899296830027,1.0,19.117643924556265,22956,-0.0171190222125154,0-500
2000,winter,8666,8667,0.0009,2,10-15,True,0.0053999999999998,665.8902587890625,683.76025390625,16.690114974975586,1,0.0725000000000912,0.0725000000000912,1.0,16.623817289682012,29062,0.0662976852935735,500-1000
2000,winter,9564,9565,0.0009,2,10-15,True,0.0053999999999998,1247.2882080078125,1262.342041015625,14.064651489257812,1,0.5247830737175749,0.5247830737175749,1.0,14.067739778844505,36362,-0.0030882895866923,1000-1500
2000,winter,6140,6141,0.0018,2,10-15,True,0.0107999999999924,1647.23291015625,1720.76806640625,12.69536590576172,1,0.3480813649062831,0.3480813649062831,1.0,12.706672339929955,214534,-0.0113064341682385,1500-2000
2000,winter,7587,7588,0.0009,2,10-15,True,0.0054,2161.65625,2180.332275390625,8.803267478942871,1,0.4448970566250872,0.4448970566250872,1.0,9.67342160369269,115582,-0.8701541247498188,2000-2500
2000,winter,3302,3303,0.0009,2,10-15,True,0.005399999999999,2738.068603515625,2757.6474609375,2.2898335456848145,1,0.3723482947040105,0.3723482947040105,1.0,2.2992545097436983,1224350,-0.0094209640588838,2500-3000
2000,winter,14449,14450,0.0027,3,15-20,True,0.0162000000000004,474.1150817871094,499.6229553222656,17.605854034423828,1,0.5287257552145703,0.5287257552145703,1.0,17.730843141004602,33608,-0.1249891065807737,0-500
2000,winter,9781,9782,0.0018,3,15-20,True,0.0107999999999997,682.1657104492188,717.238525390625,16.45819854736328,1,0.3231109310457878,0.3231109310457878,1.0,16.531373926703637,59514,-0.0731753793403555,500-1000
2000,winter,8514,8515,0.0027,3,15-20,True,0.0161999999999838,1350.91455078125,1373.235107421875,13.7459020614624,1,0.8237475041329233,0.8237475041329233,1.0,13.78758225409937,55871,-0.0416801926369689,1000-1500
2000,winter,5692,5693,0.0018,3,15-20,True,0.0107999999999923,1844.64111328125,1864.8603515625,11.292065620422363,1,0.4051848850760559,0.4051848850760559,1.0,11.762970397634437,84709,-0.4709047772120733,1500-2000
2000,winter,5421,5422,0.0009,3,15-20,True,0.0054,2470.8203125,2495.87841796875,7.281931877136231,1,0.020037722388451,0.020037722388451,1.0,8.03505096370575,243691,-0.7531190865695185,2000-2500
2000,winter,3869,3870,0.0009,3,15-20,True,0.005399999999999,2896.039306640625,2926.453125,4.765949726104736,1,0.231695494769754,0.231695494769754,1.0,4.983603432927119,939340,-0.2176537068223822,2500-3000
2000,winter,15966,15967,0.0009,4,20-30,True,0.0053999999999999,241.17446899414065,272.65631103515625,20.633766174316406,1,0.5095661474349796,0.5095661474349796,1.0,20.91329337516833,39476,-0.2795272008519198,0-500
2000,winter,9351,9352,0.0018,4,20-30,True,0.0107999999999997,602.8843383789062,631.5693359375,17.106521606445312,1,0.0782559990148528,0.0782559990148528,1.0,16.92748848910381,44054,0.179033117341504,500-1000
2000,winter,7746,7747,0.0009,4,20-30,True,0.0053999999999994,1080.6680908203125,1113.2265625,14.300315856933594,1,0.0658909895395682,0.0658909895395682,1.0,15.01309084465393,71434,-0.7127749877203371,1000-1500
2000,winter,2926,2927,0.0009,4,20-30,True,0.005399999999999,1889.93798828125,1928.8463134765625,11.572553634643556,1,0.1324999999999366,0.1324999999999366,1.0,11.356384504493004,173759,0.2161691301505506,1500-2000
2000,winter,5566,5567,0.0009,4,20-30,True,0.0053999999999999,2050.496826171875,2076.68701171875,11.02122402191162,1,0.2257392842436134,0.2257392842436134,1.0,10.360457076120872,141520,0.6607669457907477,2000-2500
2000,winter,3208,3209,0.0009,4,20-30,True,0.005399999999999,2755.9609375,2786.239990234375,4.112421035766602,1,0.0466467328488293,0.0466467328488293,1.0,3.1541505967408376,1593592,0.958270439025764,2500-3000
2000,winter,8726,8727,0.0009,5,30-plus,True,0.0053999999999998,494.5557556152344,575.7872924804688,15.339457511901854,1,0.1550864843095125,0.1550864843095125,1.0,17.36015161253897,119824,-2.020694100637117,0-500
2000,winter,9409,9410,0.0009,5,30-plus,True,0.0053999999999998,536.9917602539062,582.9125366210938,17.05826187133789,1,0.5247830737175749,0.5247830737175749,1.0,17.21366009962575,68967,-0.1553982282878578,500-1000
2000,winter,6282,6283,0.0009,5,30-plus,True,0.0054,1380.402587890625,1440.1983642578125,11.423542022705078,1,0.2990437894739194,0.2990437894739194,1.0,13.61951885705062,155983,-2.195976834345542,1000-1500
2000,winter,5752,5753,0.0009,5,30-plus,True,0.0054,1707.878662109375,1763.4122314453125,13.209073066711426,1,0.4600110395324874,0.4600110395324874,1.0,12.48001283591676,164033,0.7290602307946656,1500-2000
2000,winter,1451,1452,0.0018,5,30-plus,True,0.0107999999999832,2235.582275390625,2283.189697265625,1.3839534521102903,1,0.3480813649064038,0.3480813649064038,1.0,8.826020751321693,321498,-7.442067299211402,2000-2500
2000,winter,6137,6138,0.0009,5,30-plus,True,0.0054,2661.959228515625,2702.11181640625,3.0221450328826904,1,0.2316954947697935,0.2316954947697935,1.0,3.082097348613766,2387598,-0.0599523157310755,2500-3000
2000,winter,13736,13737,0.0018,1,5-10,True,0.0107999999999997,209.6554718017578,226.2516632080078,21.89108085632324,1,0.2084101146819383,0.2084101146819383,1.0,21.878655430255314,19357,0.0124254260679279,0-500
2000,winter,9305,9306,0.0009,1,5-10,True,0.0053999999999998,508.9142150878906,518.6823120117188,17.460012435913086,1,0.3083045052301543,0.3083045052301543,1.0,17.45398243473883,14692,0.0060300011742562,500-1000
2000,winter,7975,7976,0.0144,1,5-10,True,0.0864000000000054,1329.743896484375,1347.0487060546875,13.917458519619936,9,5.791300649145271,5.791300649145271,1.0,13.91060035131462,40694,0.0068581683053174,1000-1500
2000,winter,5812,5813,0.0009,1,5-10,True,0.0054,1669.0418701171875,1685.0302734375,12.73813819885254,1,0.1325000000000238,0.1325000000000238,1.0,12.733927223678844,48223,0.0042109751736951,1500-2000
2000,winter,6392,6393,0.0009,1,5-10,True,0.0054,2448.92041015625,2458.4248046875,8.283784866333008,1,0.4600110395324874,0.4600110395324874,1.0,8.221168093960035,96452,0.0626167723729729,2000-2500
2000,winter,3632,3633,0.0009,1,5-10,True,0.005399999999999,2621.847412109375,2628.84619140625,7.307992935180664,1,0.2990437894737798,0.2990437894737798,1.0,7.346217749577363,78815,-0.038224814396699,2500-3000
2020,summer,13605,13606,0.0198,0,0-5,False,0.1187999999999812,167.527587890625,234.9967041015625,29.34594690897941,14,10.221424672482692,10.221424672482692,1.0,29.347825688058524,65081,-0.0018787790791137,0-500
2020,summer,7255,7256,0.0009,0,0-5,False,0.0053999999999999,885.221435546875,895.1506958007812,25.989999771118164,1,0.1550864843095141,0.1550864843095141,1.0,26.002097428084472,17672,-0.0120976569663078,500-1000
2020,summer,14582,14583,0.0009,0,0-5,False,0.0053999999999973,1011.109375,1016.0108642578124,25.38999938964844,1,0.5247830737173089,0.5247830737173089,1.0,25.38875053352792,9886,0.0012488561205152,1000-1500
2020,summer,4909,4910,0.0027,0,0-5,False,0.0161999999999836,1826.4346923828125,1857.967529296875,26.51381492614746,1,0.4836522615745248,0.4836522615745248,1.0,26.50358378229137,128688,0.0102311438560924,1500-2000
2020,summer,5174,5175,0.0081,0,0-5,False,0.048599999999996,2272.145751953125,2286.619140625,28.911514026287065,6,3.3876020315445405,3.3876020315445405,1.0,28.906808809473283,96353,0.0047052168137788,2000-2500
2020,summer,6743,6744,0.0036,0,0-5,False,0.0215999999999998,2551.9306640625,2560.32177734375,28.13001491897145,4,2.099132294870334,2.099132294870334,1.0,28.152849188659864,90737,-0.0228342696884098,2500-3000
2020,summer,12093,12094,0.0054,2,10-15,True,0.0324000000000038,140.97686767578125,183.50335693359372,30.67000007629395,4,1.4057196910405692,1.4057196910405692,1.0,30.685327397496955,35965,-0.0153273212030065,0-500
2020,summer,8710,8711,0.0027,2,10-15,True,0.0162000000000002,649.738525390625,679.4725341796875,26.835699081420906,1,0.0789690158736607,0.0789690158736607,1.0,26.85602211226297,46776,-0.0203230308420678,500-1000
2020,summer,6621,6622,0.0018,2,10-15,True,0.0107999999999853,1338.8160400390625,1362.4912109375,24.850000381469727,1,0.3531109310453009,0.3531109310453009,1.0,24.813278091200367,55981,0.0367222902693598,1000-1500
2020,summer,11807,11808,0.0009,2,10-15,True,0.0053999999999998,1692.5321044921875,1709.41748046875,25.729999542236328,1,0.0599512380788719,0.0599512380788719,1.0,26.079279838283224,47311,-0.3492802960468957,1500-2000
2020,summer,5717,5718,0.0009,2,10-15,True,0.0053999999999999,2161.183837890625,2180.034423828125,27.937597274780277,1,0.2257392842436134,0.2257392842436134,1.0,27.784124400700968,115359,0.1534728740793056,2000-2500
2020,summer,4446,4447,0.0036,2,10-15,True,0.0216000000000004,2532.73876953125,2554.19482421875,28.704200952028607,2,0.8500617534349029,0.8500617534349029,1.0,28.16821723834575,215624,0.5359837136828567,2500-3000
2020,summer,9053,9054,0.0009,3,15-20,True,0.0053999999999998,489.9677429199219,509.4777221679688,27.24310302734375,1,0.0599512380790521,0.0599512380790521,1.0,27.200991633878843,27095,0.0421113934649071,0-500
2020,summer,7158,7159,0.0027,3,15-20,True,0.0161999999999836,953.9721069335938,995.1923217773438,25.313549041748047,1,0.1902899296824619,0.1902899296824619,1.0,25.599070673550298,81077,-0.2855216318022506,500-1000
2020,summer,7332,7333,0.0018,3,15-20,True,0.0107999999999854,1109.1732177734375,1132.1014404296875,25.705297470092773,1,0.0782559990147895,0.0782559990147895,1.0,25.897321274490057,51191,-0.1920238043972837,1000-1500
2020,summer,4443,4444,0.0009,3,15-20,True,0.005399999999999,1822.8572998046875,1857.8372802734373,26.39148330688477,1,0.5247830737172997,0.5247830737172997,1.0,26.51008151812842,144742,-0.1185982112436541,1500-2000
2020,summer,7678,7679,0.0027,3,15-20,True,0.0161999999999841,2425.52197265625,2469.27783203125,28.37704086303711,1,0.2154010199414241,0.2154010199414241,1.0,28.30899657774589,415797,0.0680442852912186,2000-2500
2020,summer,3677,3678,0.0009,3,15-20,True,0.005399999999999,2520.54052734375,2553.2578125,27.95106697082519,1,0.079886017092292,0.079886017092292,1.0,28.19190133205684,322660,-0.2408343612316485,2500-3000
2020,summer,12177,12178,0.0009,4,20-30,True,0.0053999999999973,168.9189910888672,201.2379608154297,29.84334754943848,1,0.2990437894737347,0.2990437894737347,1.0,29.63802911863196,30597,0.2053184308065176,0-500
2020,summer,9306,9307,0.0018,4,20-30,True,0.0107999999999997,679.0911254882812,717.9007568359375,26.770000457763672,1,0.001366930060637,0.001366930060637,1.0,26.977460319929857,62491,-0.2074598621661856,500-1000
2020,summer,7309,7310,0.0009,4,20-30,True,0.0054,1095.5091552734375,1128.3671875,25.649999618530277,1,0.2616577723813483,0.2616577723813483,1.0,25.693569317661314,72561,-0.0435696991310408,1000-1500
2020,summer,4913,4914,0.0009,4,20-30,True,0.0053999999999994,1801.1497802734375,1834.486328125,26.31087303161621,1,0.059951238078845,0.059951238078845,1.0,26.450884929201,129202,-0.1400118975847881,1500-2000
2020,summer,7758,7759,0.0027,4,20-30,True,0.0161999999999632,2001.897216796875,2056.886962890625,27.31588467695284,2,0.5619374326031212,0.5619374326031212,1.0,27.391326947802558,255501,-0.0754422708497166,2000-2500
2020,summer,6235,6236,0.0009,4,20-30,True,0.0054,2649.7744140625,2686.74853515625,31.307725906372077,1,0.3083045052301618,0.3083045052301618,1.0,35.90232656790929,1391431,-4.594600661537218,2500-3000
2020,summer,9949,9950,0.0009,5,30-plus,True,0.0053999999999998,428.0574951171875,533.5537109375,26.981101989746094,1,0.5399999999999877,0.5399999999999877,1.0,27.474418024988232,141793,-0.4933160352421382,0-500
2020,summer,7294,7295,0.0018,5,30-plus,True,0.0107999999999854,937.1925048828124,998.6233520507812,25.750000000000004,1,0.3186131613855887,0.3186131613855887,1.0,25.621994839612483,119387,0.12800516038752,500-1000
2020,summer,10239,10240,0.0018,5,30-plus,True,0.0107999999999997,1014.3945922851562,1068.2735595703125,25.88999938964844,1,0.8011843852929983,0.8011843852929983,1.0,25.30243501567419,107254,0.5875643739742458,1000-1500
2020,summer,4444,4445,0.0009,5,30-plus,True,0.005399999999999,1801.1396484375,1846.66259765625,26.365005493164062,1,0.0724999999998303,0.0724999999998303,1.0,26.47128576193664,178799,-0.1062802687725792,1500-2000
2020,summer,1410,1411,0.0018,5,30-plus,True,0.0107999999999902,2247.421875,2299.712646484375,32.091087341308594,1,0.0712201151653203,0.0712201151653203,1.0,28.82591127005853,354513,3.265176071250064,2000-2500
2020,summer,3370,3371,0.0009,5,30-plus,True,0.005399999999999,2635.77783203125,2681.9111328125,29.514448165893555,1,0.2616577723814228,0.2616577723814228,1.0,33.10481104458268,1031440,-3.5903628786891275,2500-3000
2020,summer,9133,9134,0.0036,1,5-10,True,0.0215999999999992,324.526611328125,347.801513671875,28.069242386456924,4,2.1599999999999238,2.1599999999999238,1.0,28.065665740863707,28307,0.0035766455932169,0-500
2020,summer,7160,7161,0.0009,1,5-10,True,0.0053999999999999,943.2927856445312,954.44091796875,25.69570541381836,1,0.3723482947040217,0.3723482947040217,1.0,25.701924951030048,22037,-0.0062195372116882,500-1000
2020,summer,7385,7386,0.009,1,5-10,True,0.0540000000000001,1195.3370361328125,1239.7679443359375,26.08205148207536,8,5.082306170476198,5.082306170476198,1.0,26.054296764802505,105425,0.0277547172728525,1000-1500
2020,summer,11869,11870,0.0027,1,5-10,True,0.0162000000000004,1685.7645263671875,1705.6842041015625,26.04999923706055,2,1.480239698825195,1.480239698825195,1.0,26.03510859658633,56495,0.0148906404742206,1500-2000
2020,summer,6672,6673,0.0036,1,5-10,True,0.0216000000000016,2248.74951171875,2278.10546875,28.786016385189264,2,0.7965177488665429,0.7965177488665429,1.0,28.787300473222604,200306,-0.0012840880333406,2000-2500
2020,summer,6740,6741,0.0063,1,5-10,True,0.0377999999999995,2537.946533203125,2550.80712890625,28.20450587464629,6,3.779244864839464,3.779244864839464,1.0,28.15329058451818,127154,0.0512152901281091,2500-3000
2020,winter,12439,12440,0.0018,0,0-5,False,0.0107999999999998,391.7665710449219,398.3555908203125,20.59612464904785,1,0.1374419772570109,0.1374419772570109,1.0,20.59313566225312,9632,0.0029889867947332,0-500
2020,winter,7237,7238,0.0018,0,0-5,False,0.0107999999999854,729.4243774414062,734.55322265625,17.505956649780273,1,0.7163771810281314,0.7163771810281314,1.0,17.506538228120824,8209,-0.0005815783405509,500-1000
2020,winter,14585,14586,0.0009,0,0-5,False,0.0053999999999973,1009.7886352539062,1014.3297119140624,16.309274673461914,1,0.1983532671511318,0.1983532671511318,1.0,16.31637704406369,9828,-0.0071023706017747,1000-1500
2020,winter,5798,5799,0.0009,0,0-5,False,0.0053999999999999,1950.44580078125,1955.091552734375,12.359195709228516,1,0.4448970566250766,0.4448970566250766,1.0,12.358413569944648,21729,0.0007821392838671,1500-2000
2020,winter,1275,1276,0.0027,0,0-5,False,0.0161999999999836,2249.98046875,2254.82421875,10.092097282409668,1,0.2461957236162288,0.2461957236162288,1.0,10.08880646104081,32761,0.0032908213688571,2000-2500
2020,winter,4968,4969,0.0036,0,0-5,False,0.0216000000000003,2999.555908203125,3004.227294921875,6.721393805576982,2,1.0546035225675914,1.0546035225675914,1.0,6.720845038388581,170752,0.000548767188401,2500-3000
2020,winter,13888,13889,0.0018,2,10-15,True,0.0107999999999998,154.56236267089844,171.4869842529297,26.062353134155277,1,0.0094960227339267,0.0094960227339267,1.0,26.02231436364365,14825,0.0400387705116216,0-500
2020,winter,9280,9281,0.0018,2,10-15,True,0.0107999999999997,601.01708984375,638.0914916992188,18.349477767944336,1,0.0210170684616488,0.0210170684616488,1.0,18.367277474213523,55606,-0.0177997062691872,500-1000
2020,winter,5140,5141,0.0009,2,10-15,True,0.0053999999999994,1197.9083251953125,1221.1351318359375,15.1956787109375,1,0.2616577723813312,0.2616577723813312,1.0,15.100432344782604,57307,0.0952463661548961,1000-1500
2020,winter,11750,11751,0.0009,2,10-15,True,0.0053999999999998,1704.003662109375,1719.6793212890625,14.03432083129883,1,0.3849135156906497,0.3849135156906497,1.0,13.896158039483954,41546,0.1381627918148762,1500-2000
2020,winter,3618,3619,0.0018,2,10-15,True,0.0107999999999853,2424.220703125,2444.302001953125,9.166149139404297,1,0.4030831118320387,0.4030831118320387,1.0,9.453944782342012,183683,-0.2877956429377164,2000-2500
2020,winter,4201,4202,0.0018,2,10-15,True,0.0107999999999853,2732.755126953125,2748.389892578125,6.096434116363525,1,0.1768890689538507,0.1768890689538507,1.0,5.868140027459972,1100944,0.2282940889035538,2500-3000
2020,winter,8244,8245,0.0018,3,15-20,True,0.0107999999999997,463.98870849609375,492.3692321777344,19.399118423461918,1,0.0768890689542119,0.0768890689542119,1.0,19.564534595239262,38035,-0.1654161717773519,0-500
2020,winter,7378,7379,0.0009,3,15-20,True,0.0054,779.201904296875,804.0946655273438,17.03774642944336,1,0.0658909895396166,0.0658909895396166,1.0,17.087689654810067,43902,-0.0499432253667073,500-1000
2020,winter,7783,7784,0.0009,3,15-20,True,0.0053999999999994,1358.3843994140625,1381.1904296875,14.718605041503906,1,0.3849135156904342,0.3849135156904342,1.0,14.951151901096656,57397,-0.23254685959275,1000-1500
2020,winter,5832,5833,0.0009,3,15-20,True,0.0054,1802.697509765625,1829.10400390625,13.386938095092772,1,0.3849135156904816,0.3849135156904816,1.0,13.284131862915135,105333,0.1028062321776364,1500-2000
2020,winter,7754,7755,0.0009,3,15-20,True,0.0054,2017.5888671875,2044.665283203125,11.762205123901367,1,0.4448970566250808,0.4448970566250808,1.0,11.74557407647875,121896,0.0166310474226172,2000-2500
2020,winter,3793,3794,0.0018,3,15-20,True,0.0107999999999853,2868.3427734375,2898.500732421875,6.9342803955078125,1,0.2560074108760948,0.2560074108760948,1.0,6.739738953660026,952647,0.1945414418477868,2500-3000
2020,winter,12397,12398,0.0018,4,20-30,True,0.0107999999999998,249.6449737548828,282.9428405761719,22.003337860107425,1,0.0768890689542119,0.0768890689542119,1.0,22.702591935930183,38101,-0.6992540758227612,0-500
2020,winter,8665,8666,0.0009,4,20-30,True,0.0053999999999998,794.1196899414062,823.88720703125,17.591814041137695,1,0.5247830737175749,0.5247830737175749,1.0,17.00796090528338,52439,0.5838531358543158,500-1000
2020,winter,7782,7783,0.0009,4,20-30,True,0.0053999999999994,1434.9920654296875,1477.259765625,15.104485511779789,1,0.2316954947697924,0.2316954947697924,1.0,14.70546079183982,117445,0.3990247199399661,1000-1500
2020,winter,5865,5866,0.0009,4,20-30,True,0.0054,1769.372802734375,1805.5244140625,13.451579093933107,1,0.3875110395326031,0.3875110395326031,1.0,13.466319849524927,131971,-0.0147407555918217,1500-2000
2020,winter,3350,3351,0.0009,4,20-30,True,0.005399999999999,2034.2008056640625,2065.62939453125,11.343280792236328,1,0.5247830737172997,0.5247830737172997,1.0,11.67775229018751,153799,-0.3344714979511813,2000-2500
2020,winter,5687,5688,0.0009,4,20-30,True,0.0053999999999999,2674.7373046875,2718.988525390625,6.524484157562255,1,0.0599512380788837,0.0599512380788837,1.0,5.684603412445461,3220399,0.839880745116794,2500-3000
2020,winter,12140,12141,0.0018,5,30-plus,True,0.0107999999999998,397.6186218261719,453.12255859375,20.873268127441406,1,0.3631109310457716,0.3631109310457716,1.0,20.25984629269801,72687,0.6134218347433915,0-500
2020,winter,12655,12656,0.0099,5,30-plus,True,0.0593999999999995,578.080810546875,753.4276733398438,18.024029208161995,9,4.853397293927123,4.853397293927123,1.0,18.010388272694588,274981,0.0136409354674071,500-1000
2020,winter,10239,10240,0.0018,5,30-plus,True,0.0107999999999997,1014.3945922851562,1068.2735595703125,15.783150672912598,1,0.8011843852929983,0.8011843852929983,1.0,16.262161623839916,107364,-0.4790109509273179,1000-1500
2020,winter,5855,5856,0.0018,5,30-plus,True,0.0107999999999853,1713.6888427734375,1780.3314208984375,13.239519119262695,1,0.144815114923678,0.144815114923678,1.0,13.742538754441137,206998,-0.5030196351784415,1500-2000
2020,winter,1410,1411,0.0018,5,30-plus,True,0.0107999999999902,2247.421875,2299.712646484375,4.91581392288208,1,0.0712201151653203,0.0712201151653203,1.0,9.989204961398494,354515,-5.073391038516414,2000-2500
2020,winter,4101,4102,0.0018,5,30-plus,True,0.0107999999999853,2714.109130859375,2759.5009765625,5.403069496154785,1,0.144815114923445,0.144815114923445,1.0,5.783243282411954,2802115,-0.3801737862571688,2500-3000
2020,winter,13110,13111,0.0036,1,5-10,True,0.0216000000000004,178.1072998046875,191.82752990722656,25.28631603812121,2,0.48073672894463,0.48073672894463,1.0,25.28437942435801,12038,0.001936613763199,0-500
2020,winter,7368,7369,0.0099,1,5-10,True,0.0593999999999865,768.4692993164062,840.7860107421875,17.039450211136735,5,3.114578934227198,3.114578934227198,1.0,17.038008301707553,129583,0.0014419094291824,500-1000
2020,winter,6808,6809,0.0027,1,5-10,True,0.0161999999999836,1143.7877197265625,1159.347900390625,15.34119701385498,1,0.1340801061320664,0.1340801061320664,1.0,15.371486225706054,33959,-0.0302892118510751,1000-1500
2020,winter,5868,5869,0.0045,1,5-10,True,0.027,1678.958740234375,1703.7999267578125,14.005329282625338,4,1.3799018031670929,1.3799018031670929,1.0,13.979786118634037,71926,0.025543163991303,1500-2000
2020,winter,7760,7761,0.0081,1,5-10,True,0.0485999999999999,2000.2801513671875,2063.15234375,11.729953075957038,6,3.537432432743424,3.537432432743424,1.0,11.73209154918677,297100,-0.0021384732297313,2000-2500
2020,winter,3689,3690,0.0009,1,5-10,True,0.005399999999999,2584.242431640625,2595.34033203125,8.18610954284668,1,0.1758045052301553,0.1758045052301553,1.0,8.219193937331092,121314,-0.0330843944844119,2500-3000
